Report Year,Colony Name,Colony Type,Species,Number
2025,Clewiston Spit,Spoil Island,Great Egret,76
2025,Clewiston Spit,Spoil Island,White Ibis,269
2025,Clewiston Spit,Spoil Island,Snowy Egret,35
2025,Clewiston Spit,Spoil Island,Roseate Spoonbill,7
2025,Clewiston Spit,Spoil Island,Great Blue Heron,2
2025,Clewiston Spit,Spoil Island,Little Blue Heron,0
2025,Clewiston Spit,Spoil Island,Tricolored Heron,4
2025,Clewiston Spit,Spoil Island,Glossy Ibis,0
2025,Clewiston Spit,Spoil Island,Black-crowned Night Heron,0
2025,Clewiston Spit,Spoil Island,"Small Dark Egrets and Herons (LBHE, TRHE)",1
2025,Clewiston Spit,Spoil Island,"Small White Egrets and Herons (SNEG, CAEG)",42
2025,Clewiston Spit,Spoil Island,Double-crested Cormorant,2
2025,Clewiston Spit,Spoil Island,Cattle Egret,200
2025,Clewiston Spit,Spoil Island,Anhinga,2
2025,Clewiston Spit 2,Spoil Island,Great Egret,61
2025,Clewiston Spit 2,Spoil Island,White Ibis,116
2025,Clewiston Spit 2,Spoil Island,Snowy Egret,22
2025,Clewiston Spit 2,Spoil Island,Roseate Spoonbill,3
2025,Clewiston Spit 2,Spoil Island,Great Blue Heron,9
2025,Clewiston Spit 2,Spoil Island,Little Blue Heron,0
2025,Clewiston Spit 2,Spoil Island,Tricolored Heron,1
2025,Clewiston Spit 2,Spoil Island,Glossy Ibis,0
2025,Clewiston Spit 2,Spoil Island,Black-crowned Night Heron,1
2025,Clewiston Spit 2,Spoil Island,"Small Dark Egrets and Herons (LBHE, TRHE)",0
2025,Clewiston Spit 2,Spoil Island,"Small White Egrets and Herons (SNEG, CAEG)",1
2025,Clewiston Spit 2,Spoil Island,Double-crested Cormorant,0
2025,Clewiston Spit 2,Spoil Island,Cattle Egret,2
2025,Clewiston Spit 2,Spoil Island,Anhinga,5
2025,Eagle Bay Island,Marsh Island,Great Egret,6
2025,Eagle Bay Island,Marsh Island,White Ibis,400
2025,Eagle Bay Island,Marsh Island,Snowy Egret,60
2025,Eagle Bay Island,Marsh Island,Roseate Spoonbill,2
2025,Eagle Bay Island,Marsh Island,Great Blue Heron,5
2025,Eagle Bay Island,Marsh Island,Little Blue Heron,0
2025,Eagle Bay Island,Marsh Island,Tricolored Heron,0
2025,Eagle Bay Island,Marsh Island,Glossy Ibis,0
2025,Eagle Bay Island,Marsh Island,Black-crowned Night Heron,0
2025,Eagle Bay Island,Marsh Island,"Small Dark Egrets and Herons (LBHE, TRHE)",2
2025,Eagle Bay Island,Marsh Island,"Small White Egrets and Herons (SNEG, CAEG)",0
2025,Eagle Bay Island,Marsh Island,Double-crested Cormorant,0
2025,Eagle Bay Island,Marsh Island,Cattle Egret,0
2025,Eagle Bay Island,Marsh Island,Anhinga,0
2025,Gator Farm,Off-Lake Island,Great Egret,42
2025,Gator Farm,Off-Lake Island,White Ibis,0
2025,Gator Farm,Off-Lake Island,Snowy Egret,17
2025,Gator Farm,Off-Lake Island,Roseate Spoonbill,0
2025,Gator Farm,Off-Lake Island,Great Blue Heron,0
2025,Gator Farm,Off-Lake Island,Little Blue Heron,2
2025,Gator Farm,Off-Lake Island,Tricolored Heron,0
2025,Gator Farm,Off-Lake Island,Glossy Ibis,2
2025,Gator Farm,Off-Lake Island,Black-crowned Night Heron,0
2025,Gator Farm,Off-Lake Island,"Small Dark Egrets and Herons (LBHE, TRHE)",1
2025,Gator Farm,Off-Lake Island,"Small White Egrets and Herons (SNEG, CAEG)",0
2025,Gator Farm,Off-Lake Island,Double-crested Cormorant,0
2025,Gator Farm,Off-Lake Island,Cattle Egret,40
2025,Gator Farm,Off-Lake Island,Anhinga,2
2025,Gun Range,Off-Lake Island,Great Egret,1
2025,Gun Range,Off-Lake Island,White Ibis,1
2025,Gun Range,Off-Lake Island,Snowy Egret,3
2025,Gun Range,Off-Lake Island,Roseate Spoonbill,0
2025,Gun Range,Off-Lake Island,Great Blue Heron,0
2025,Gun Range,Off-Lake Island,Little Blue Heron,0
2025,Gun Range,Off-Lake Island,Tricolored Heron,0
2025,Gun Range,Off-Lake Island,Glossy Ibis,0
2025,Gun Range,Off-Lake Island,Black-crowned Night Heron,0
2025,Gun Range,Off-Lake Island,"Small Dark Egrets and Herons (LBHE, TRHE)",9
2025,Gun Range,Off-Lake Island,"Small White Egrets and Herons (SNEG, CAEG)",2
2025,Gun Range,Off-Lake Island,Double-crested Cormorant,1
2025,Gun Range,Off-Lake Island,Cattle Egret,70
2025,Gun Range,Off-Lake Island,Anhinga,5
2025,Lake Hicpochee,Off-Lake Island,Great Egret,5
2025,Lake Hicpochee,Off-Lake Island,White Ibis,0
2025,Lake Hicpochee,Off-Lake Island,Snowy Egret,0
2025,Lake Hicpochee,Off-Lake Island,Roseate Spoonbill,0
2025,Lake Hicpochee,Off-Lake Island,Great Blue Heron,1
2025,Lake Hicpochee,Off-Lake Island,Little Blue Heron,0
2025,Lake Hicpochee,Off-Lake Island,Tricolored Heron,0
2025,Lake Hicpochee,Off-Lake Island,Glossy Ibis,0
2025,Lake Hicpochee,Off-Lake Island,Black-crowned Night Heron,0
2025,Lake Hicpochee,Off-Lake Island,"Small Dark Egrets and Herons (LBHE, TRHE)",0
2025,Lake Hicpochee,Off-Lake Island,"Small White Egrets and Herons (SNEG, CAEG)",0
2025,Lake Hicpochee,Off-Lake Island,Double-crested Cormorant,0
2025,Lake Hicpochee,Off-Lake Island,Cattle Egret,0
2025,Lake Hicpochee,Off-Lake Island,Anhinga,0
2025,Lakeport Marina,Off-Lake Island,Great Egret,90
2025,Lakeport Marina,Off-Lake Island,White Ibis,16
2025,Lakeport Marina,Off-Lake Island,Snowy Egret,4
2025,Lakeport Marina,Off-Lake Island,Roseate Spoonbill,0
2025,Lakeport Marina,Off-Lake Island,Great Blue Heron,0
2025,Lakeport Marina,Off-Lake Island,Little Blue Heron,0
2025,Lakeport Marina,Off-Lake Island,Tricolored Heron,0
2025,Lakeport Marina,Off-Lake Island,Glossy Ibis,0
2025,Lakeport Marina,Off-Lake Island,Black-crowned Night Heron,0
2025,Lakeport Marina,Off-Lake Island,"Small Dark Egrets and Herons (LBHE, TRHE)",0
2025,Lakeport Marina,Off-Lake Island,"Small White Egrets and Herons (SNEG, CAEG)",4
2025,Lakeport Marina,Off-Lake Island,Double-crested Cormorant,0
2025,Lakeport Marina,Off-Lake Island,Cattle Egret,39
2025,Lakeport Marina,Off-Lake Island,Anhinga,2
2025,Little Bear Beach,Spoil Island,Great Egret,44
2025,Little Bear Beach,Spoil Island,White Ibis,154
2025,Little Bear Beach,Spoil Island,Snowy Egret,26
2025,Little Bear Beach,Spoil Island,Roseate Spoonbill,0
2025,Little Bear Beach,Spoil Island,Great Blue Heron,0
2025,Little Bear Beach,Spoil Island,Little Blue Heron,0
2025,Little Bear Beach,Spoil Island,Tricolored Heron,2
2025,Little Bear Beach,Spoil Island,Glossy Ibis,30
2025,Little Bear Beach,Spoil Island,Black-crowned Night Heron,0
2025,Little Bear Beach,Spoil Island,"Small Dark Egrets and Herons (LBHE, TRHE)",1
2025,Little Bear Beach,Spoil Island,"Small White Egrets and Herons (SNEG, CAEG)",4
2025,Little Bear Beach,Spoil Island,Double-crested Cormorant,0
2025,Little Bear Beach,Spoil Island,Cattle Egret,7
2025,Little Bear Beach,Spoil Island,Anhinga,0
2025,Moonshine Bay,Marsh Island,Great Egret,10
2025,Moonshine Bay,Marsh Island,White Ibis,358
2025,Moonshine Bay,Marsh Island,Snowy Egret,5
2025,Moonshine Bay,Marsh Island,Roseate Spoonbill,0
2025,Moonshine Bay,Marsh Island,Great Blue Heron,4
2025,Moonshine Bay,Marsh Island,Little Blue Heron,0
2025,Moonshine Bay,Marsh Island,Tricolored Heron,0
2025,Moonshine Bay,Marsh Island,Glossy Ibis,90
2025,Moonshine Bay,Marsh Island,Black-crowned Night Heron,0
2025,Moonshine Bay,Marsh Island,"Small Dark Egrets and Herons (LBHE, TRHE)",1
2025,Moonshine Bay,Marsh Island,"Small White Egrets and Herons (SNEG, CAEG)",1
2025,Moonshine Bay,Marsh Island,Double-crested Cormorant,0
2025,Moonshine Bay,Marsh Island,Cattle Egret,0
2025,Moonshine Bay,Marsh Island,Anhinga,9
2025,Moore Haven East,Marsh Island,Great Egret,0
2025,Moore Haven East,Marsh Island,White Ibis,0
2025,Moore Haven East,Marsh Island,Snowy Egret,0
2025,Moore Haven East,Marsh Island,Roseate Spoonbill,0
2025,Moore Haven East,Marsh Island,Great Blue Heron,2
2025,Moore Haven East,Marsh Island,Little Blue Heron,0
2025,Moore Haven East,Marsh Island,Tricolored Heron,0
2025,Moore Haven East,Marsh Island,Glossy Ibis,0
2025,Moore Haven East,Marsh Island,Black-crowned Night Heron,0
2025,Moore Haven East,Marsh Island,"Small Dark Egrets and Herons (LBHE, TRHE)",0
2025,Moore Haven East,Marsh Island,"Small White Egrets and Herons (SNEG, CAEG)",0
2025,Moore Haven East,Marsh Island,Double-crested Cormorant,0
2025,Moore Haven East,Marsh Island,Cattle Egret,0
2025,Moore Haven East,Marsh Island,Anhinga,0
2025,Pahokee,Spoil Island,Great Egret,3
2025,Pahokee,Spoil Island,White Ibis,30
2025,Pahokee,Spoil Island,Snowy Egret,40
2025,Pahokee,Spoil Island,Roseate Spoonbill,0
2025,Pahokee,Spoil Island,Great Blue Heron,1
2025,Pahokee,Spoil Island,Little Blue Heron,0
2025,Pahokee,Spoil Island,Tricolored Heron,4
2025,Pahokee,Spoil Island,Glossy Ibis,0
2025,Pahokee,Spoil Island,Black-crowned Night Heron,0
2025,Pahokee,Spoil Island,"Small Dark Egrets and Herons (LBHE, TRHE)",3
2025,Pahokee,Spoil Island,"Small White Egrets and Herons (SNEG, CAEG)",2
2025,Pahokee,Spoil Island,Double-crested Cormorant,2
2025,Pahokee,Spoil Island,Cattle Egret,20
2025,Pahokee,Spoil Island,Anhinga,0
2025,Rock Islands,Spoil Island,Great Egret,42
2025,Rock Islands,Spoil Island,White Ibis,109
2025,Rock Islands,Spoil Island,Snowy Egret,157
2025,Rock Islands,Spoil Island,Roseate Spoonbill,3
2025,Rock Islands,Spoil Island,Great Blue Heron,6
2025,Rock Islands,Spoil Island,Little Blue Heron,1
2025,Rock Islands,Spoil Island,Tricolored Heron,1
2025,Rock Islands,Spoil Island,Glossy Ibis,1
2025,Rock Islands,Spoil Island,Black-crowned Night Heron,0
2025,Rock Islands,Spoil Island,"Small Dark Egrets and Herons (LBHE, TRHE)",2
2025,Rock Islands,Spoil Island,"Small White Egrets and Herons (SNEG, CAEG)",20
2025,Rock Islands,Spoil Island,Double-crested Cormorant,0
2025,Rock Islands,Spoil Island,Cattle Egret,21
2025,Rock Islands,Spoil Island,Anhinga,2
2023,Clewiston Spit,Spoil Island,Cattle Egret,2
2023,Clewiston Spit,Spoil Island,Great Blue Heron,3
2023,Clewiston Spit,Spoil Island,Roseate Spoonbill,5
2023,Clewiston Spit,Spoil Island,Little Blue Heron,8
2023,Clewiston Spit,Spoil Island,White Ibis,13
2023,Clewiston Spit,Spoil Island,Glossy Ibis,26
2023,Clewiston Spit,Spoil Island,Tricolored Heron,99
2023,Clewiston Spit,Spoil Island,Snowy Egret,105
2023,Clewiston Spit,Spoil Island,Great Egret,178
2023,Eagle Bay Island,Marsh Island,Great Blue Heron,1
2023,Eagle Bay Island,Marsh Island,Anhinga,10
2023,Eagle Bay Island,Marsh Island,Great Egret,25
2023,Eagle Bay Island,Marsh Island,Little Blue Heron,48
2023,Eagle Bay Island,Marsh Island,Glossy Ibis,102
2023,Eagle Bay Island,Marsh Island,Tricolored Heron,144
2023,Eagle Bay Island,Marsh Island,White Ibis,204
2023,Eagle Bay Island,Marsh Island,Cattle Egret,228
2023,Eagle Bay Island,Marsh Island,Snowy Egret,241
2023,Gator Farm,Off-Lake Island,Great Blue Heron,1
2023,Gator Farm,Off-Lake Island,Tricolored Heron,8
2023,Gator Farm,Off-Lake Island,Little Blue Heron,10
2023,Gator Farm,Off-Lake Island,Roseate Spoonbill,10
2023,Gator Farm,Off-Lake Island,Anhinga,12
2023,Gator Farm,Off-Lake Island,Glossy Ibis,15
2023,Gator Farm,Off-Lake Island,White Ibis,26
2023,Gator Farm,Off-Lake Island,Snowy Egret,37
2023,Gator Farm,Off-Lake Island,Wood Stork,58
2023,Gator Farm,Off-Lake Island,Great Egret,109
2023,Gator Farm,Off-Lake Island,Cattle Egret,292
2023,Gun Range,Off-Lake Island,Great Blue Heron,1
2023,Gun Range,Off-Lake Island,Great Egret,23
2023,Gun Range,Off-Lake Island,Anhinga,29
2023,Gun Range,Off-Lake Island,Cattle Egret,129
2023,Lakeport Marina,Off-Lake Island,Anhinga,8
2023,Lakeport Marina,Off-Lake Island,Tricolored Heron,13
2023,Lakeport Marina,Off-Lake Island,Snowy Egret,78
2023,Lakeport Marina,Off-Lake Island,Great Egret,134
2023,Lakeport Marina,Off-Lake Island,Cattle Egret,410
2023,Little Bear Beach,Spoil Island,Great Blue Heron,1
2023,Little Bear Beach,Spoil Island,Cattle Egret,13
2023,Little Bear Beach,Spoil Island,Little Blue Heron,18
2023,Little Bear Beach,Spoil Island,Glossy Ibis,41
2023,Little Bear Beach,Spoil Island,Tricolored Heron,64
2023,Little Bear Beach,Spoil Island,Great Egret,99
2023,Little Bear Beach,Spoil Island,Snowy Egret,157
2023,Little Bear Beach,Spoil Island,White Ibis,178
2023,Moonshine Bay 1,Marsh Island,Great Egret,2
2023,Moonshine Bay 1,Marsh Island,Great Blue Heron,5
2023,Moonshine Bay 3,Marsh Island,Great Blue Heron,2
2023,Moonshine Bay 3,Marsh Island,Great Egret,2
2023,Moore Haven East 5,Marsh Island,Great Blue Heron,2
2023,Moore Haven East 5,Marsh Island,Anhinga,5
2023,Moore Haven East 5,Marsh Island,Snowy Egret,12
2023,Moore Haven East 5,Marsh Island,Great Egret,109
2023,Moore Haven NW,Marsh Island,Glossy Ibis,2
2023,Moore Haven NW,Marsh Island,Roseate Spoonbill,2
2023,Moore Haven NW,Marsh Island,White Ibis,2
2023,Moore Haven NW,Marsh Island,Great Blue Heron,7
2023,Moore Haven NW,Marsh Island,Anhinga,8
2023,Moore Haven NW,Marsh Island,Cattle Egret,24
2023,Moore Haven NW,Marsh Island,Little Blue Heron,25
2023,Moore Haven NW,Marsh Island,Tricolored Heron,99
2023,Moore Haven NW,Marsh Island,Snowy Egret,111
2023,Moore Haven NW,Marsh Island,Great Egret,130
2023,Moore Haven West 1,Marsh Island,Snowy Egret,18
2023,Moore Haven West 1,Marsh Island,Great Egret,22
2023,Pahokee Airport,Spoil Island,Anhinga,2
2023,Pahokee Airport,Spoil Island,Glossy Ibis,12
2023,Pahokee Airport,Spoil Island,Great Egret,18
2023,Pahokee Airport,Spoil Island,Little Blue Heron,58
2023,Pahokee Airport,Spoil Island,White Ibis,74
2023,Pahokee Airport,Spoil Island,Cattle Egret,111
2023,Pahokee Airport,Spoil Island,Tricolored Heron,116
2023,Pahokee Airport,Spoil Island,Snowy Egret,136
2022,Chance Bay,Marsh Island,Cattle Egret,403
2022,Clewiston Spit,Spoil Island,Glossy Ibis,2
2022,Clewiston Spit,Spoil Island,Great Blue Heron,2
2022,Clewiston Spit,Spoil Island,Roseate Spoonbill,17
2022,Clewiston Spit,Spoil Island,Tricolored Heron,47
2022,Clewiston Spit,Spoil Island,Great Egret,138
2022,Clewiston Spit,Spoil Island,Snowy Egret,194
2022,Eagle Bay Island NE,Marsh Island,Great Blue Heron,1
2022,Eagle Bay Island NE,Marsh Island,Little Blue Heron,2
2022,Eagle Bay Island NE,Marsh Island,Tricolored Heron,2
2022,Eagle Bay Island NE,Marsh Island,Glossy Ibis,3
2022,Eagle Bay Island NE,Marsh Island,Great Egret,5
2022,Eagle Bay Island NE,Marsh Island,Snowy Egret,66
2022,Eagle Bay Island NE,Marsh Island,White Ibis,101
2022,Eagle Bay Island NE,Marsh Island,Cattle Egret,127
2022,Eagle Bay Island S,Marsh Island,Anhinga,1
2022,Eagle Bay Island S,Marsh Island,Glossy Ibis,1
2022,Eagle Bay Island S,Marsh Island,Great Blue Heron,1
2022,Eagle Bay Island S,Marsh Island,Little Blue Heron,5
2022,Eagle Bay Island S,Marsh Island,Snowy Egret,21
2022,Eagle Bay Island S,Marsh Island,Cattle Egret,240
2022,Gator Farm,Off-Lake Island,Anhinga,1
2022,Gator Farm,Off-Lake Island,Glossy Ibis,1
2022,Gator Farm,Off-Lake Island,Tricolored Heron,1
2022,Gator Farm,Off-Lake Island,White Ibis,1
2022,Gator Farm,Off-Lake Island,Great Blue Heron,2
2022,Gator Farm,Off-Lake Island,Snowy Egret,2
2022,Gator Farm,Off-Lake Island,Little Blue Heron,10
2022,Gator Farm,Off-Lake Island,Roseate Spoonbill,16
2022,Gator Farm,Off-Lake Island,Wood Stork,40
2022,Gator Farm,Off-Lake Island,Great Egret,49
2022,Gator Farm,Off-Lake Island,Cattle Egret,138
2022,Gun Range,Off-Lake Island,Great Blue Heron,1
2022,Gun Range,Off-Lake Island,Anhinga,8
2022,Gun Range,Off-Lake Island,Great Egret,32
2022,Gun Range,Off-Lake Island,Cattle Egret,70
2022,Lakeport Marina,Off-Lake Island,Tricolored Heron,2
2022,Lakeport Marina,Off-Lake Island,Snowy Egret,8
2022,Lakeport Marina,Off-Lake Island,Great Egret,107
2022,Lakeport Marina,Off-Lake Island,Cattle Egret,442
2022,Little Bear Beach,Spoil Island,Glossy Ibis,1
2022,Little Bear Beach,Spoil Island,Little Blue Heron,1
2022,Little Bear Beach,Spoil Island,Great Egret,51
2022,Little Bear Beach,Spoil Island,Tricolored Heron,68.5
2022,Little Bear Beach,Spoil Island,Snowy Egret,180
2022,Little Bear Beach,Spoil Island,White Ibis,344
2022,Moore Haven East 1,Marsh Island,Great Blue Heron,2
2022,Moore Haven East 1,Marsh Island,Anhinga,6
2022,Moore Haven East 1,Marsh Island,Great Egret,206
2022,Moore Haven NW,Marsh Island,Glossy Ibis,2
2022,Moore Haven NW,Marsh Island,Great Blue Heron,2
2022,Moore Haven NW,Marsh Island,Anhinga,4
2022,Moore Haven NW,Marsh Island,Roseate Spoonbill,5
2022,Moore Haven NW,Marsh Island,Tricolored Heron,8
2022,Moore Haven NW,Marsh Island,Cattle Egret,76
2022,Moore Haven NW,Marsh Island,Snowy Egret,103
2022,Moore Haven NW,Marsh Island,Great Egret,115
2022,Moore Haven NW,Marsh Island,White Ibis,442
2022,Pahokee Airport,Spoil Island,Tricolored Heron,1
2022,Pahokee Airport,Spoil Island,White Ibis,4
2022,Pahokee Airport,Spoil Island,Cattle Egret,5
2022,Pahokee Airport,Spoil Island,Great Egret,20
2022,Pahokee Airport,Spoil Island,Snowy Egret,41
2021,Clewiston Marsh,Marsh Island,Snowy Egret,45
2021,Clewiston Marsh,Marsh Island,Cattle Egret,120
2021,Clewiston Marsh,Marsh Island,White Ibis,205
2021,Clewiston Spit,Spoil Island,Roseate Spoonbill,2
2021,Clewiston Spit,Spoil Island,Tricolored Heron,67
2021,Clewiston Spit,Spoil Island,Great Egret,148
2021,Clewiston Spit,Spoil Island,Snowy Egret,202
2021,Eagle Bay Island,Marsh Island,Great Egret,3
2021,Eagle Bay Island,Marsh Island,Tricolored Heron,50
2021,Eagle Bay Island,Marsh Island,Glossy Ibis,137
2021,Eagle Bay Island,Marsh Island,White Ibis,137
2021,Eagle Bay Island,Marsh Island,Snowy Egret,206
2021,Eagle Bay Island,Marsh Island,Cattle Egret,343
2021,Gator Farm,Off-Lake Island,Tricolored Heron,3
2021,Gator Farm,Off-Lake Island,Snowy Egret,4
2021,Gator Farm,Off-Lake Island,Roseate Spoonbill,16
2021,Gator Farm,Off-Lake Island,White Ibis,25
2021,Gator Farm,Off-Lake Island,Wood Stork,25
2021,Gator Farm,Off-Lake Island,Great Egret,175
2021,Gun Range,Off-Lake Island,Great Egret,40
2021,Lakeport Marina,Off-Lake Island,Tricolored Heron,9
2021,Lakeport Marina,Off-Lake Island,Snowy Egret,19
2021,Lakeport Marina,Off-Lake Island,Great Egret,187
2021,Lakeport Marina,Off-Lake Island,Cattle Egret,277
2021,Little Bear Beach,Spoil Island,Little Blue Heron,3
2021,Little Bear Beach,Spoil Island,Great Blue Heron,5
2021,Little Bear Beach,Spoil Island,Tricolored Heron,56
2021,Little Bear Beach,Spoil Island,Great Egret,115
2021,Little Bear Beach,Spoil Island,Snowy Egret,120
2021,Moonshine Bay,Marsh Island,Tricolored Heron,14
2021,Moonshine Bay,Marsh Island,Great Egret,15
2021,Moonshine Bay,Marsh Island,Glossy Ibis,71
2021,Moonshine Bay,Marsh Island,Snowy Egret,101
2021,Moonshine Bay,Marsh Island,White Ibis,998
2021,Moorehaven East 4,Marsh Island,Great Blue Heron,4
2021,Moorehaven East 4,Marsh Island,Snowy Egret,5
2021,Moorehaven East 4,Marsh Island,Great Egret,56
2021,Pahokee,Spoil Island,Cattle Egret,26
2021,Pahokee,Spoil Island,Tricolored Heron,100
2021,Pahokee,Spoil Island,White Ibis,127
2021,Pahokee,Spoil Island,Snowy Egret,298
2020,Bird Island,Spoil Island,Great Blue Heron,3
2020,Bird Island,Spoil Island,Snowy Egret,12
2020,Bird Island,Spoil Island,Tricolored Heron,21
2020,Clewiston Spit,Spoil Island,White Ibis,2
2020,Clewiston Spit,Spoil Island,Great Blue Heron,4
2020,Clewiston Spit,Spoil Island,Great Egret,98
2020,Clewiston Spit,Spoil Island,Tricolored Heron,105
2020,Clewiston Spit,Spoil Island,Snowy Egret,370
2020,Eagle Bay Island,Marsh Island,Anhinga,1
2020,Eagle Bay Island,Marsh Island,Tricolored Heron,5
2020,Eagle Bay Island,Marsh Island,Glossy Ibis,10
2020,Eagle Bay Island,Marsh Island,Snowy Egret,142
2020,Eagle Bay Island,Marsh Island,Cattle Egret,263
2020,Eagle Bay Island,Marsh Island,White Ibis,387
2020,Gator Farm,Off-Lake Island,Great Blue Heron,1
2020,Gator Farm,Off-Lake Island,Tricolored Heron,1
2020,Gator Farm,Off-Lake Island,Glossy Ibis,8
2020,Gator Farm,Off-Lake Island,Anhinga,12
2020,Gator Farm,Off-Lake Island,Little Blue Heron,26
2020,Gator Farm,Off-Lake Island,Snowy Egret,30
2020,Gator Farm,Off-Lake Island,Roseate Spoonbill,51
2020,Gator Farm,Off-Lake Island,Wood Stork,52
2020,Gator Farm,Off-Lake Island,Cattle Egret,132
2020,Gator Farm,Off-Lake Island,Great Egret,179
2020,Lakeport Marina,Off-Lake Island,Anhinga,3
2020,Lakeport Marina,Off-Lake Island,Little Blue Heron,3
2020,Lakeport Marina,Off-Lake Island,Tricolored Heron,19
2020,Lakeport Marina,Off-Lake Island,Great Egret,22
2020,Lakeport Marina,Off-Lake Island,Snowy Egret,35
2020,Lakeport Marina,Off-Lake Island,Cattle Egret,539
2020,Little Bear Beach,Spoil Island,Great Blue Heron,2
2020,Little Bear Beach,Spoil Island,Tricolored Heron,45
2020,Little Bear Beach,Spoil Island,Great Egret,82
2020,Little Bear Beach,Spoil Island,Snowy Egret,127
2020,Pahokee Airport,Spoil Island,Glossy Ibis,1
2020,Pahokee Airport,Spoil Island,White Ibis,4
2020,Pahokee Airport,Spoil Island,Tricolored Heron,10
2020,Pahokee Airport,Spoil Island,Cattle Egret,14
2020,Pahokee Airport,Spoil Island,Snowy Egret,94
2019,Bird Island,Spoil Island,Great Blue Heron,1
2019,Bird Island,Spoil Island,Tricolored Heron,19
2019,Bird Island,Spoil Island,Snowy Egret,35
2019,Clewiston Spit,Spoil Island,Great Blue Heron,3
2019,Clewiston Spit,Spoil Island,White Ibis,31
2019,Clewiston Spit,Spoil Island,Great Egret,60
2019,Clewiston Spit,Spoil Island,Glossy Ibis,105
2019,Clewiston Spit,Spoil Island,Tricolored Heron,130
2019,Clewiston Spit,Spoil Island,Snowy Egret,215
2019,Eagle Bay Island,Marsh Island,Anhinga,12
2019,Eagle Bay Island,Marsh Island,Little Blue Heron,15
2019,Eagle Bay Island,Marsh Island,Snowy Egret,30
2019,Eagle Bay Island,Marsh Island,Tricolored Heron,40
2019,Eagle Bay Island,Marsh Island,Glossy Ibis,118
2019,Eagle Bay Island,Marsh Island,White Ibis,160
2019,Eagle Bay Island,Marsh Island,Cattle Egret,400
2019,Gator Farm,Off-Lake Island,Anhinga,10
2019,Gator Farm,Off-Lake Island,Little Blue Heron,11
2019,Gator Farm,Off-Lake Island,Glossy Ibis,12
2019,Gator Farm,Off-Lake Island,Roseate Spoonbill,20
2019,Gator Farm,Off-Lake Island,Wood Stork,28
2019,Gator Farm,Off-Lake Island,Snowy Egret,30
2019,Gator Farm,Off-Lake Island,Great Egret,200
2019,Gator Farm,Off-Lake Island,Cattle Egret,400
2019,Gator Farm,Off-Lake Island,Tricolored Heron,NA
2019,Lakeport Marina,Off-Lake Island,Anhinga,4
2019,Lakeport Marina,Off-Lake Island,Tricolored Heron,6
2019,Lakeport Marina,Off-Lake Island,Snowy Egret,10
2019,Lakeport Marina,Off-Lake Island,Great Egret,25
2019,Lakeport Marina,Off-Lake Island,Cattle Egret,550
2019,Little Bear Beach,Spoil Island,Great Blue Heron,1
2019,Little Bear Beach,Spoil Island,Little Blue Heron,1
2019,Little Bear Beach,Spoil Island,White Ibis,40
2019,Little Bear Beach,Spoil Island,Great Egret,50
2019,Little Bear Beach,Spoil Island,Tricolored Heron,75
2019,Little Bear Beach,Spoil Island,Glossy Ibis,100
2019,Little Bear Beach,Spoil Island,Snowy Egret,130
2019,Moore Haven,Marsh Island,Great Blue Heron,1
2019,Moore Haven,Marsh Island,Great Egret,10
2019,Moore Haven,Marsh Island,Snowy Egret,30
2019,Moore Haven,Marsh Island,White Ibis,30
2019,Pahokee Airport,Spoil Island,Glossy Ibis,1
2019,Pahokee Airport,Spoil Island,Little Blue Heron,1
2019,Pahokee Airport,Spoil Island,Great Egret,3
2019,Pahokee Airport,Spoil Island,Snowy Egret,20
2019,Pahokee Airport,Spoil Island,Cattle Egret,35
2019,Pahokee Airport,Spoil Island,Tricolored Heron,40
2018,Bird Island,Spoil Island,Tricolored Heron,14
2018,Clewiston Spit,Spoil Island,White Ibis,1
2018,Clewiston Spit,Spoil Island,Anhinga,2
2018,Clewiston Spit,Spoil Island,Cattle Egret,3
2018,Clewiston Spit,Spoil Island,Glossy Ibis,15
2018,Clewiston Spit,Spoil Island,Great Egret,60
2018,Clewiston Spit,Spoil Island,Tricolored Heron,189
2018,Clewiston Spit,Spoil Island,Snowy Egret,220
2018,Eagle Bay Island,Marsh Island,Anhinga,2
2018,Eagle Bay Island,Marsh Island,Little Blue Heron,4
2018,Eagle Bay Island,Marsh Island,Great Blue Heron,6
2018,Eagle Bay Island,Marsh Island,Tricolored Heron,25
2018,Eagle Bay Island,Marsh Island,Glossy Ibis,50
2018,Eagle Bay Island,Marsh Island,Great Egret,100
2018,Eagle Bay Island,Marsh Island,Snowy Egret,150
2018,Eagle Bay Island,Marsh Island,White Ibis,250
2018,Eagle Bay Island,Marsh Island,Cattle Egret,500
2018,Gator Farm,Off-Lake Island,Roseate Spoonbill,6
2018,Gator Farm,Off-Lake Island,Tricolored Heron,20
2018,Gator Farm,Off-Lake Island,Little Blue Heron,50
2018,Gator Farm,Off-Lake Island,Wood Stork,90
2018,Gator Farm,Off-Lake Island,Great Egret,100
2018,Gator Farm,Off-Lake Island,Snowy Egret,100
2018,Gator Farm,Off-Lake Island,Cattle Egret,450
2018,Lakeport Marina,Off-Lake Island,Little Blue Heron,1
2018,Lakeport Marina,Off-Lake Island,Anhinga,2
2018,Lakeport Marina,Off-Lake Island,Tricolored Heron,3
2018,Lakeport Marina,Off-Lake Island,Snowy Egret,15
2018,Lakeport Marina,Off-Lake Island,Great Egret,100
2018,Lakeport Marina,Off-Lake Island,Cattle Egret,340
2018,Liberty Point,Marsh Island,Little Blue Heron,1
2018,Liberty Point,Marsh Island,Snowy Egret,20
2018,Liberty Point,Marsh Island,Cattle Egret,50
2018,Liberty Point,Marsh Island,Great Egret,120
2018,Liberty Point 2,Marsh Island,Great Egret,20
2018,Little Bear Beach,Spoil Island,Cattle Egret,3
2018,Little Bear Beach,Spoil Island,Anhinga,4
2018,Little Bear Beach,Spoil Island,Great Blue Heron,4
2018,Little Bear Beach,Spoil Island,Little Blue Heron,4
2018,Little Bear Beach,Spoil Island,Glossy Ibis,10
2018,Little Bear Beach,Spoil Island,Great Egret,60
2018,Little Bear Beach,Spoil Island,Tricolored Heron,100
2018,Little Bear Beach,Spoil Island,Snowy Egret,200
2018,Moonshine Bay 1,Marsh Island,Little Blue Heron,1
2018,Moonshine Bay 1,Marsh Island,Tricolored Heron,15
2018,Moonshine Bay 1,Marsh Island,Snowy Egret,42
2018,Moonshine Bay 2,Marsh Island,Great Blue Heron,1
2018,Moonshine Bay 2,Marsh Island,White Ibis,1
2018,Moonshine Bay 2,Marsh Island,Little Blue Heron,10
2018,Moonshine Bay 2,Marsh Island,Anhinga,20
2018,Moonshine Bay 2,Marsh Island,Tricolored Heron,44
2018,Moonshine Bay 2,Marsh Island,Snowy Egret,100
2018,Moonshine Bay 3,Marsh Island,Great Blue Heron,1
2018,Moonshine Bay 3,Marsh Island,Tricolored Heron,1
2018,Moonshine Bay 3,Marsh Island,Glossy Ibis,2
2018,Moonshine Bay 3,Marsh Island,Anhinga,13
2018,Moonshine Bay 3,Marsh Island,White Ibis,40
2018,Moonshine Bay 3,Marsh Island,Great Egret,80
2018,Moonshine Bay 3,Marsh Island,Snowy Egret,90
2018,Moore Haven,Marsh Island,Anhinga,7
2018,Moore Haven,Marsh Island,Tricolored Heron,25
2018,Moore Haven,Marsh Island,Cattle Egret,200
2018,Moore Haven,Marsh Island,Great Egret,450
2018,Moore Haven,Marsh Island,Snowy Egret,750
2018,Moore Haven,Marsh Island,White Ibis,1200
2018,Moore Haven East 2,Marsh Island,Great Egret,2
2018,Moore Haven East 2,Marsh Island,Tricolored Heron,25
2018,Moore Haven East 2,Marsh Island,Snowy Egret,50
2018,Moore Haven East 2,Marsh Island,White Ibis,350
2018,Moore Haven East 3,Marsh Island,Great Egret,3
2018,Moore Haven East 4,Marsh Island,Great Egret,21
2018,Moore Haven East 4,Marsh Island,Snowy Egret,40
2018,Moore Haven East 4,Marsh Island,White Ibis,200
2018,Pahokee Airport,Spoil Island,Cattle Egret,40
2018,Pahokee Airport,Spoil Island,Snowy Egret,60
2017,Bird Island,Spoil Island,Great Blue Heron,1
2017,Bird Island,Spoil Island,Snowy Egret,39
2017,Bird Island,Spoil Island,Tricolored Heron,63
2017,Clewiston Spit,Spoil Island,Roseate Spoonbill,1
2017,Clewiston Spit,Spoil Island,White Ibis,4
2017,Clewiston Spit,Spoil Island,Little Blue Heron,5
2017,Clewiston Spit,Spoil Island,Great Blue Heron,6
2017,Clewiston Spit,Spoil Island,Great Egret,55
2017,Clewiston Spit,Spoil Island,Glossy Ibis,57
2017,Clewiston Spit,Spoil Island,Tricolored Heron,150
2017,Clewiston Spit,Spoil Island,Snowy Egret,200
2017,Eagle Bay East,Marsh Island,Great Egret,10
2017,Eagle Bay East,Marsh Island,Tricolored Heron,30
2017,Eagle Bay East,Marsh Island,Snowy Egret,50
2017,Eagle Bay East,Marsh Island,White Ibis,75
2017,Eagle Bay East,Marsh Island,Glossy Ibis,150
2017,Eagle Bay East,Marsh Island,Cattle Egret,650
2017,Gator Farm,Off-Lake Island,Roseate Spoonbill,7
2017,Gator Farm,Off-Lake Island,Wood Stork,12
2017,Gator Farm,Off-Lake Island,Little Blue Heron,15
2017,Gator Farm,Off-Lake Island,Great Egret,70
2017,Gator Farm,Off-Lake Island,Cattle Egret,450
2017,Indian Prairie East,Marsh Island,Anhinga,3
2017,Indian Prairie East,Marsh Island,Snowy Egret,10
2017,Indian Prairie East,Marsh Island,Great Egret,80
2017,King's Bar,Marsh Island,Anhinga,10
2017,King's Bar,Marsh Island,Great Egret,10
2017,King's Bar,Marsh Island,Snowy Egret,50
2017,King's Bar,Marsh Island,White Ibis,90
2017,Lakeport Marina,Off-Lake Island,Great Egret,42
2017,Lakeport Marina,Off-Lake Island,Cattle Egret,400
2017,Liberty Point 2,Marsh Island,Great Egret,75
2017,Liberty Point 2,Marsh Island,White Ibis,300
2017,Little Bear Beach,Spoil Island,Little Blue Heron,1
2017,Little Bear Beach,Spoil Island,Great Egret,57
2017,Little Bear Beach,Spoil Island,Tricolored Heron,61
2017,Little Bear Beach,Spoil Island,Snowy Egret,182
2017,Moonshine Bay 2,Marsh Island,Great Blue Heron,1
2017,Moonshine Bay 2,Marsh Island,Roseate Spoonbill,5
2017,Moonshine Bay 2,Marsh Island,Tricolored Heron,100
2017,Moonshine Bay 2,Marsh Island,Great Egret,150
2017,Moonshine Bay 2,Marsh Island,Snowy Egret,250
2017,Moonshine Bay 2,Marsh Island,Glossy Ibis,950
2017,Moonshine Bay 2,Marsh Island,White Ibis,1030
2017,Moonshine Bay 3,Marsh Island,Great Blue Heron,1
2017,Moonshine Bay 3,Marsh Island,Anhinga,15
2017,Moonshine Bay 3,Marsh Island,Tricolored Heron,50
2017,Moonshine Bay 3,Marsh Island,Great Egret,75
2017,Moonshine Bay 3,Marsh Island,Snowy Egret,100
2017,Moonshine Bay 3,Marsh Island,Glossy Ibis,400
2017,Moonshine Bay 3,Marsh Island,White Ibis,450
2017,Moore Haven,Marsh Island,Great Egret,45
2017,Moore Haven,Marsh Island,Cattle Egret,50
2017,Moore Haven,Marsh Island,Snowy Egret,70
2016,Bird Island,Spoil Island,Great Blue Heron,1
2016,Bird Island,Spoil Island,Tricolored Heron,4
2016,Bird Island,Spoil Island,Snowy Egret,22
2016,Clewiston Spit,Spoil Island,Glossy Ibis,12
2016,Clewiston Spit,Spoil Island,Tricolored Heron,30
2016,Clewiston Spit,Spoil Island,Great Egret,56
2016,Clewiston Spit,Spoil Island,Snowy Egret,93
2016,Eagle Bay Trail,Marsh Island,Little Blue Heron,5
2016,Eagle Bay Trail,Marsh Island,Tricolored Heron,5
2016,Eagle Bay Trail,Marsh Island,Great Egret,13
2016,Eagle Bay Trail,Marsh Island,Snowy Egret,25
2016,Eagle Bay Trail,Marsh Island,Cattle Egret,425
2016,Gator Farm,Off-Lake Island,Tricolored Heron,3
2016,Gator Farm,Off-Lake Island,Roseate Spoonbill,4
2016,Gator Farm,Off-Lake Island,Wood Stork,63
2016,Gator Farm,Off-Lake Island,Cattle Egret,150
2016,Gator Farm,Off-Lake Island,Great Egret,165
2016,Gator Farm,Off-Lake Island,Snowy Egret,609
2016,Indian Prairie East,Marsh Island,Anhinga,6
2016,Indian Prairie East,Marsh Island,Snowy Egret,133
2016,Indian Prairie East,Marsh Island,Great Egret,190
2016,Indian Prairie East,Marsh Island,Cattle Egret,290
2016,Lakeport Marina,Off-Lake Island,Tricolored Heron,3
2016,Lakeport Marina,Off-Lake Island,Snowy Egret,13
2016,Lakeport Marina,Off-Lake Island,Great Egret,86
2016,Lakeport Marina,Off-Lake Island,Cattle Egret,140
2016,Liberty Point,Marsh Island,Great Egret,20
2016,Liberty Point 2,Marsh Island,Great Blue Heron,1
2016,Liberty Point 2,Marsh Island,Little Blue Heron,10
2016,Liberty Point 2,Marsh Island,Tricolored Heron,10
2016,Liberty Point 2,Marsh Island,Anhinga,15
2016,Liberty Point 2,Marsh Island,Snowy Egret,125
2016,Liberty Point 2,Marsh Island,White Ibis,225
2016,Liberty Point 2,Marsh Island,Great Egret,253
2016,Little Bear Beach,Spoil Island,Little Blue Heron,3
2016,Little Bear Beach,Spoil Island,Tricolored Heron,30
2016,Little Bear Beach,Spoil Island,Great Egret,70
2016,Little Bear Beach,Spoil Island,Snowy Egret,90
2016,Moore Haven,Marsh Island,Glossy Ibis,10
2016,Moore Haven,Marsh Island,White Ibis,12
2016,Moore Haven,Marsh Island,Tricolored Heron,20
2016,Moore Haven,Marsh Island,Cattle Egret,66
2016,Moore Haven,Marsh Island,Great Egret,150
2016,Moore Haven,Marsh Island,Snowy Egret,218
2016,Moore Haven East 2,Marsh Island,White Ibis,10
2016,Moore Haven East 2,Marsh Island,Snowy Egret,30
2016,Moore Haven East 2,Marsh Island,Great Egret,37
2016,Moore Haven East 4,Marsh Island,Tricolored Heron,3
2016,Moore Haven East 4,Marsh Island,Snowy Egret,20
2016,Moore Haven East 4,Marsh Island,Little Blue Heron,23
2016,Moore Haven East 4,Marsh Island,White Ibis,23
2016,Moore Haven East 4,Marsh Island,Great Egret,46
2016,Moore Haven North,Marsh Island,Great Egret,25
2016,Moore Haven West,Marsh Island,Great Egret,3
2015,Clewiston Spit,Spoil Island,Little Blue Heron,3
2015,Clewiston Spit,Spoil Island,Tricolored Heron,35
2015,Clewiston Spit,Spoil Island,Snowy Egret,45
2015,Clewiston Spit,Spoil Island,Great Egret,80
2015,Eagle Bay Trail,Marsh Island,Great Blue Heron,2
2015,Eagle Bay Trail,Marsh Island,Great Egret,4
2015,Eagle Bay Trail,Marsh Island,White Ibis,10
2015,Eagle Bay Trail,Marsh Island,Little Blue Heron,21
2015,Eagle Bay Trail,Marsh Island,Glossy Ibis,25
2015,Eagle Bay Trail,Marsh Island,Tricolored Heron,59
2015,Eagle Bay Trail,Marsh Island,Snowy Egret,125
2015,Eagle Bay Trail,Marsh Island,Cattle Egret,650
2015,Gator Farm,Off-Lake Island,Snowy Egret,125
2015,Gator Farm,Off-Lake Island,Great Egret,160
2015,Gator Farm,Off-Lake Island,Cattle Egret,200
2015,Indian Prairie East,Marsh Island,Great Blue Heron,2
2015,Indian Prairie East,Marsh Island,Snowy Egret,15
2015,Indian Prairie East,Marsh Island,Great Egret,250
2015,Indian Prairie East,Marsh Island,Cattle Egret,290
2015,Lakeport Marina,Off-Lake Island,Tricolored Heron,10
2015,Lakeport Marina,Off-Lake Island,Great Blue Heron,26
2015,Lakeport Marina,Off-Lake Island,Great Egret,85
2015,Lakeport Marina,Off-Lake Island,Cattle Egret,220
2015,Liberty Point 2,Marsh Island,Great Blue Heron,1
2015,Liberty Point 2,Marsh Island,Little Blue Heron,12
2015,Liberty Point 2,Marsh Island,Anhinga,15
2015,Liberty Point 2,Marsh Island,Glossy Ibis,100
2015,Liberty Point 2,Marsh Island,Tricolored Heron,100
2015,Liberty Point 2,Marsh Island,Great Egret,650
2015,Liberty Point 2,Marsh Island,Snowy Egret,750
2015,Liberty Point 2,Marsh Island,White Ibis,1200
2015,Little Bear Beach,Spoil Island,Roseate Spoonbill,1
2015,Little Bear Beach,Spoil Island,Little Blue Heron,3
2015,Little Bear Beach,Spoil Island,Tricolored Heron,30
2015,Little Bear Beach,Spoil Island,Great Egret,50
2015,Little Bear Beach,Spoil Island,Snowy Egret,60
2015,Moore Haven,Marsh Island,Little Blue Heron,1
2015,Moore Haven,Marsh Island,Glossy Ibis,5
2015,Moore Haven,Marsh Island,Tricolored Heron,53
2015,Moore Haven,Marsh Island,White Ibis,80
2015,Moore Haven,Marsh Island,Great Egret,155
2015,Moore Haven,Marsh Island,Snowy Egret,160
2015,Moore Haven East 4,Marsh Island,Great Egret,5
2014,Clewiston Mid,Spoil Island,Snowy Egret,75
2014,Clewiston Mid,Spoil Island,Tricolored Heron,75
2014,Clewiston Mid,Spoil Island,Glossy Ibis,NA
2014,Clewiston Out,Spoil Island,Snowy Egret,30
2014,Clewiston Out,Spoil Island,Great Egret,50
2014,Clewiston Out,Spoil Island,Great Blue Heron,NA
2014,Clewiston Spit,Spoil Island,Snowy Egret,118
2014,Clewiston Spit,Spoil Island,Great Egret,200
2014,Clewiston Spit,Spoil Island,Glossy Ibis,NA
2014,Clewiston Spit,Spoil Island,Great Blue Heron,NA
2014,Eagle Bay East,Marsh Island,Great Blue Heron,2
2014,Eagle Bay East,Marsh Island,Little Blue Heron,50
2014,Eagle Bay East,Marsh Island,Tricolored Heron,50
2014,Eagle Bay East,Marsh Island,Glossy Ibis,100
2014,Eagle Bay East,Marsh Island,Cattle Egret,200
2014,Eagle Bay East,Marsh Island,White Ibis,200
2014,Eagle Bay East,Marsh Island,Snowy Egret,250
2014,Eagle Bay East,Marsh Island,Roseate Spoonbill,NA
2014,Eagle Bay East,Marsh Island,Wood Stork,NA
2014,Gator Farm,Off-Lake Island,Great Egret,300
2014,Gator Farm,Off-Lake Island,Cattle Egret,400
2014,Indian Prairie 1,Marsh Island,Great Egret,20
2014,Indian Prairie 1,Marsh Island,Roseate Spoonbill,NA
2014,Lakeport Marina,Off-Lake Island,Great Egret,100
2014,Lakeport Marina,Off-Lake Island,Cattle Egret,300
2014,Lakeport Marina,Off-Lake Island,Anhinga,NA
2014,Liberty Point 2,Marsh Island,Great Blue Heron,25
2014,Liberty Point 2,Marsh Island,Tricolored Heron,75
2014,Liberty Point 2,Marsh Island,Snowy Egret,100
2014,Liberty Point 2,Marsh Island,White Ibis,100
2014,Liberty Point 2,Marsh Island,Great Egret,550
2014,Liberty Point 2,Marsh Island,Roseate Spoonbill,NA
2014,Liberty Point 2,Marsh Island,Wood Stork,NA
2014,Little Bear Beach,Spoil Island,Tricolored Heron,35
2014,Little Bear Beach,Spoil Island,Great Egret,50
2014,Little Bear Beach,Spoil Island,Snowy Egret,150
2014,Moore Haven,Marsh Island,White Ibis,25
2014,Moore Haven,Marsh Island,Great Egret,50
2014,Moore Haven,Marsh Island,Little Blue Heron,50
2014,Moore Haven East 4,Marsh Island,Glossy Ibis,25
2014,Moore Haven East 4,Marsh Island,Great Blue Heron,25
2014,Moore Haven East 4,Marsh Island,Tricolored Heron,50
2014,Moore Haven East 4,Marsh Island,White Ibis,50
2014,Moore Haven East 4,Marsh Island,Great Egret,100
2014,Moore Haven East 4,Marsh Island,Snowy Egret,100
2014,Moore Haven East 4,Marsh Island,Roseate Spoonbill,NA
2013,Clewiston Mid,Spoil Island,Snowy Egret,25
2013,Clewiston Out,Spoil Island,Great Egret,17
2013,Clewiston Out,Spoil Island,Snowy Egret,26
2013,Clewiston Out,Spoil Island,Tricolored Heron,39
2013,Clewiston Spit,Spoil Island,Great Blue Heron,1
2013,Clewiston Spit,Spoil Island,Great Egret,50
2013,Clewiston Spit,Spoil Island,Snowy Egret,50
2013,Eagle Bay East,Marsh Island,Great Blue Heron,10
2013,Eagle Bay East,Marsh Island,Great Egret,25
2013,Eagle Bay East,Marsh Island,Tricolored Heron,100
2013,Eagle Bay East,Marsh Island,Glossy Ibis,200
2013,Eagle Bay East,Marsh Island,Snowy Egret,300
2013,Eagle Bay East,Marsh Island,White Ibis,400
2013,Eagle Bay East,Marsh Island,Cattle Egret,800
2013,Eagle Bay Trail,Marsh Island,Great Blue Heron,1
2013,Eagle Bay Trail,Marsh Island,Tricolored Heron,20
2013,Eagle Bay Trail,Marsh Island,Snowy Egret,25
2013,Eagle Bay Trail,Marsh Island,Cattle Egret,200
2013,Gator Farm,Off-Lake Island,Great Egret,150
2013,Gator Farm,Off-Lake Island,Cattle Egret,350
2013,Gator Farm,Off-Lake Island,Snowy Egret,350
2013,Indian Prairie 1,Marsh Island,Anhinga,10
2013,Lakeport Marina,Off-Lake Island,Great Blue Heron,1
2013,Lakeport Marina,Off-Lake Island,Little Blue Heron,1
2013,Lakeport Marina,Off-Lake Island,Anhinga,3
2013,Lakeport Marina,Off-Lake Island,Tricolored Heron,5
2013,Lakeport Marina,Off-Lake Island,Great Egret,200
2013,Lakeport Marina,Off-Lake Island,Snowy Egret,200
2013,Lakeport Marina,Off-Lake Island,Cattle Egret,500
2013,Liberty Point 2,Marsh Island,Great Blue Heron,3
2013,Liberty Point 2,Marsh Island,Anhinga,20
2013,Liberty Point 2,Marsh Island,Glossy Ibis,100
2013,Liberty Point 2,Marsh Island,Tricolored Heron,200
2013,Liberty Point 2,Marsh Island,Little Blue Heron,400
2013,Liberty Point 2,Marsh Island,Great Egret,750
2013,Liberty Point 2,Marsh Island,Snowy Egret,925
2013,Liberty Point 2,Marsh Island,White Ibis,1050
2013,Little Bear Beach,Spoil Island,Great Egret,50
2013,Little Bear Beach,Spoil Island,Tricolored Heron,75
2013,Little Bear Beach,Spoil Island,Snowy Egret,200
2013,Moore Haven,Marsh Island,Snowy Egret,10
2013,Moore Haven,Marsh Island,Great Egret,50
2013,Moore Haven,Marsh Island,White Ibis,50
2013,Moore Haven East 4,Marsh Island,Roseate Spoonbill,2
2013,Moore Haven East 4,Marsh Island,Anhinga,25
2013,Moore Haven East 4,Marsh Island,Glossy Ibis,100
2013,Moore Haven East 4,Marsh Island,Great Egret,300
2013,Moore Haven East 4,Marsh Island,Tricolored Heron,300
2013,Moore Haven East 4,Marsh Island,Snowy Egret,800
2013,Moore Haven East 4,Marsh Island,White Ibis,900
2012,Bird Island,Spoil Island,Tricolored Heron,2
2012,Bird Island,Spoil Island,Snowy Egret,3
2012,Bird Island,Spoil Island,Great Blue Heron,4
2012,Clewiston Channel,Spoil Island,Great Egret,15
2012,Clewiston Channel,Spoil Island,Tricolored Heron,65
2012,Clewiston Channel,Spoil Island,Snowy Egret,70
2012,Clewiston Mid,Spoil Island,Tricolored Heron,10
2012,Clewiston Mid,Spoil Island,Snowy Egret,25
2012,Clewiston Out,Spoil Island,Great Egret,30
2012,Clewiston Out,Spoil Island,Snowy Egret,120
2012,Clewiston Out,Spoil Island,Tricolored Heron,180
2012,Clewiston Spit,Spoil Island,Great Blue Heron,1
2012,Clewiston Spit,Spoil Island,Great Egret,25
2012,Dynamite Hole,Marsh Island,Great Blue Heron,12
2012,Eagle Bay East,Marsh Island,Little Blue Heron,2
2012,Eagle Bay East,Marsh Island,Anhinga,5
2012,Eagle Bay East,Marsh Island,Great Blue Heron,15
2012,Eagle Bay East,Marsh Island,Tricolored Heron,50
2012,Eagle Bay East,Marsh Island,Snowy Egret,600
2012,Eagle Bay East,Marsh Island,Glossy Ibis,800
2012,Eagle Bay East,Marsh Island,White Ibis,900
2012,Eagle Bay East,Marsh Island,Cattle Egret,1000
2012,Eagle Bay Trail,Marsh Island,Great Blue Heron,2
2012,Eagle Bay Trail,Marsh Island,Snowy Egret,45
2012,Eagle Bay Trail,Marsh Island,Tricolored Heron,45
2012,Eagle Bay Trail,Marsh Island,Cattle Egret,100
2012,Gator Farm,Off-Lake Island,Great Egret,130
2012,Gator Farm,Off-Lake Island,Snowy Egret,250
2012,Gator Farm,Off-Lake Island,Cattle Egret,400
2012,Indian Prairie 1,Marsh Island,Anhinga,15
2012,Lakeport Marina,Off-Lake Island,Great Blue Heron,1
2012,Lakeport Marina,Off-Lake Island,Little Blue Heron,1
2012,Lakeport Marina,Off-Lake Island,Tricolored Heron,12
2012,Lakeport Marina,Off-Lake Island,Snowy Egret,50
2012,Lakeport Marina,Off-Lake Island,Great Egret,100
2012,Lakeport Marina,Off-Lake Island,Cattle Egret,600
2012,Little Bear Beach,Spoil Island,Great Egret,25
2012,Little Bear Beach,Spoil Island,Tricolored Heron,75
2012,Little Bear Beach,Spoil Island,Snowy Egret,225
2012,Moonshine 1,Marsh Island,Great Blue Heron,1
2012,Moonshine 1,Marsh Island,Great Egret,10
2012,Moonshine 1,Marsh Island,Snowy Egret,10
2012,Moonshine 3,Marsh Island,Great Egret,5
2012,Moonshine 3,Marsh Island,Snowy Egret,10
2012,Moonshine 4,Marsh Island,Great Blue Heron,7
2012,Taylor Creek,Off-Lake Island,Roseate Spoonbill,1
2012,Taylor Creek,Off-Lake Island,Anhinga,10
2012,Taylor Creek,Off-Lake Island,Great Blue Heron,50
2012,Taylor Creek,Off-Lake Island,Great Egret,250
2011,Bird Island,Spoil Island,Great Egret,6
2011,Bird Island,Spoil Island,Great Blue Heron,4
2011,Bird Island,Spoil Island,Snowy Egret,250
2011,Bird Island,Spoil Island,Tricolored Heron,20
2011,Buckhead Ridge,Off-Lake Island,Cattle Egret,125
2011,Clewiston Channel,Spoil Island,Great Egret,35
2011,Clewiston Channel,Spoil Island,Snowy Egret,120
2011,Clewiston Channel,Spoil Island,Tricolored Heron,12
2011,Clewiston Spit,Spoil Island,Great Egret,39
2011,Clewiston Spit,Spoil Island,Great Blue Heron,1
2011,Clewiston Trail,Spoil Island,Snowy Egret,25
2011,Clewiston Trail,Spoil Island,Tricolored Heron,75
2011,Eagle Bay East,Marsh Island,Great Blue Heron,8
2011,Eagle Bay East,Marsh Island,White Ibis,1000
2011,Eagle Bay East,Marsh Island,Snowy Egret,2500
2011,Eagle Bay East,Marsh Island,Little Blue Heron,10
2011,Eagle Bay East,Marsh Island,Tricolored Heron,500
2011,Eagle Bay East,Marsh Island,Glossy Ibis,500
2011,Eagle Bay East,Marsh Island,Cattle Egret,100
2011,Eagle Bay Trail,Marsh Island,Great Blue Heron,2
2011,Eagle Bay Trail,Marsh Island,Snowy Egret,10
2011,Eagle Bay Trail,Marsh Island,Tricolored Heron,250
2011,Gator Farm,Off-Lake Island,Great Egret,65
2011,Gator Farm,Off-Lake Island,Snowy Egret,10
2011,Gator Farm,Off-Lake Island,Cattle Egret,300
2011,Lakeport Marina,Off-Lake Island,Great Egret,50
2011,Lakeport Marina,Off-Lake Island,Snowy Egret,100
2011,Lakeport Marina,Off-Lake Island,Little Blue Heron,2
2011,Lakeport Marina,Off-Lake Island,Tricolored Heron,10
2011,Lakeport Marina,Off-Lake Island,Cattle Egret,1000
2011,Moonshine 3,Marsh Island,Great Blue Heron,3
2011,Ritta Island New,Marsh Island,Great Blue Heron,4
2011,Rock Islands,Spoil Island,Great Egret,10
2011,Rock Islands,Spoil Island,Great Blue Heron,4
2011,Rock Islands,Spoil Island,Snowy Egret,20
2010,Clewiston Spit 1,Spoil Island,Great Egret,30
2010,Eagle Bay East,Marsh Island,Great Blue Heron,1
2010,Eagle Bay East,Marsh Island,Snowy Egret,1000
2010,Eagle Bay East,Marsh Island,Little Blue Heron,10
2010,Eagle Bay East,Marsh Island,Tricolored Heron,250
2010,Eagle Bay East,Marsh Island,Cattle Egret,100
2010,Eagle Bay Trail,Marsh Island,Great Blue Heron,3
2010,Eagle Bay Trail,Marsh Island,Snowy Egret,200
2010,Eagle Bay Trail,Marsh Island,Little Blue Heron,20
2010,Eagle Bay Trail,Marsh Island,Tricolored Heron,200
2010,Eagle Bay Trail,Marsh Island,Cattle Egret,300
2010,Eagle Bay Trail,Marsh Island,Anhinga,15
2010,Gator Farm,Off-Lake Island,Great Egret,80
2010,Gator Farm,Off-Lake Island,Snowy Egret,115
2010,Gator Farm,Off-Lake Island,Wood Stork,7
2010,Gator Farm,Off-Lake Island,Cattle Egret,250
2010,Indian Prairie South,Marsh Island,Great Blue Heron,4
2010,Indian Prairie South,Marsh Island,Anhinga,5
2010,Lakeport Marina,Off-Lake Island,Great Egret,25
2010,Lakeport Marina,Off-Lake Island,Snowy Egret,50
2010,Lakeport Marina,Off-Lake Island,Tricolored Heron,10
2010,Lakeport Marina,Off-Lake Island,Cattle Egret,500
2010,Moonshine Bay,Marsh Island,Great Egret,40
2010,Moonshine Bay,Marsh Island,Great Blue Heron,15
2010,Moonshine Bay,Marsh Island,Anhinga,30
2010,Moonshine 2,Marsh Island,Great Egret,6
2010,Moonshine 2,Marsh Island,Great Blue Heron,6
2010,Moonshine 2,Marsh Island,Anhinga,10
2010,Moonshine 3,Marsh Island,Great Egret,8
2010,Moonshine 3,Marsh Island,Great Blue Heron,2
2010,Moonshine 3,Marsh Island,Anhinga,20
2010,Moore Haven,Marsh Island,Great Egret,500
2010,Moore Haven,Marsh Island,Great Blue Heron,10
2010,Moore Haven,Marsh Island,White Ibis,2000
2010,Moore Haven,Marsh Island,Snowy Egret,1500
2010,Moore Haven,Marsh Island,Little Blue Heron,200
2010,Moore Haven,Marsh Island,Tricolored Heron,300
2010,Moore Haven,Marsh Island,Glossy Ibis,150
2010,Moore Haven,Marsh Island,Cattle Egret,1000
2010,Moore Haven,Marsh Island,Anhinga,100
2010,Moore Haven East1,Marsh Island,Great Egret,9
2010,Moore Haven East1,Marsh Island,Great Blue Heron,2
2010,Rock Island 4,Spoil Island,Great Egret,41
2010,Rock Island 4,Spoil Island,Great Blue Heron,3
2010,Rock Island 4,Spoil Island,Snowy Egret,45
2009,Clewiston Channel,Spoil Island,Great Egret,50
2009,Clewiston Channel,Spoil Island,Snowy Egret,60
2009,Clewiston Channel,Spoil Island,Tricolored Heron,20
2009,Clewiston Channel,Spoil Island,Glossy Ibis,5
2009,Clewiston Marsh,Marsh Island,Great Egret,30
2009,Clewiston Marsh,Marsh Island,Snowy Egret,320
2009,Clewiston Marsh,Marsh Island,Tricolored Heron,20
2009,Clewiston Marsh,Marsh Island,Anhinga,2
2009,Clewiston Spit,Spoil Island,Great Egret,60
2009,Clewiston Spit,Spoil Island,Snowy Egret,80
2009,Clewiston Spit,Spoil Island,Little Blue Heron,1
2009,Clewiston Spit,Spoil Island,Tricolored Heron,80
2009,Clewiston Spit,Spoil Island,Glossy Ibis,10
2009,Cochran's Hole,Marsh Island,Great Egret,40
2009,Cochran's Hole,Marsh Island,White Ibis,500
2009,Cochran's Hole,Marsh Island,Glossy Ibis,500
2009,Eagle Bay East,Marsh Island,Great Egret,5
2009,Eagle Bay East,Marsh Island,Great Blue Heron,3
2009,Eagle Bay East,Marsh Island,White Ibis,1200
2009,Eagle Bay East,Marsh Island,Snowy Egret,800
2009,Eagle Bay East,Marsh Island,Little Blue Heron,10
2009,Eagle Bay East,Marsh Island,Tricolored Heron,80
2009,Eagle Bay East,Marsh Island,Glossy Ibis,300
2009,Eagle Bay South,Marsh Island,Great Egret,85
2009,Eagle Bay South,Marsh Island,Great Blue Heron,25
2009,Eagle Bay South,Marsh Island,Anhinga,20
2009,Eagle Bay Trail,Marsh Island,Great Egret,10
2009,Eagle Bay Trail,Marsh Island,Great Blue Heron,2
2009,Eagle Bay Trail,Marsh Island,White Ibis,20
2009,Eagle Bay Trail,Marsh Island,Snowy Egret,90
2009,Eagle Bay Trail,Marsh Island,Little Blue Heron,10
2009,Eagle Bay Trail,Marsh Island,Tricolored Heron,10
2009,Eagle Bay Trail,Marsh Island,Cattle Egret,50
2009,Eagle Bay Trail,Marsh Island,Anhinga,5
2009,Gator Farm,Off-Lake Island,Great Egret,130
2009,Gator Farm,Off-Lake Island,Snowy Egret,40
2009,Gator Farm,Off-Lake Island,Wood Stork,35
2009,Gator Farm,Off-Lake Island,Cattle Egret,200
2009,Indian Prairie,Marsh Island,Great Egret,50
2009,Indian Prairie,Marsh Island,White Ibis,150
2009,Indian Prairie,Marsh Island,Snowy Egret,400
2009,Indian Prairie,Marsh Island,Tricolored Heron,400
2009,Indian Prairie,Marsh Island,Roseate Spoonbill,3
2009,Indian Prairie,Marsh Island,Anhinga,30
2009,Lakeport Marina,Off-Lake Island,Great Egret,12
2009,Lakeport Marina,Off-Lake Island,Snowy Egret,70
2009,Lakeport Marina,Off-Lake Island,Tricolored Heron,10
2009,Lakeport Marina,Off-Lake Island,Cattle Egret,350
2009,Moonshine 2,Marsh Island,Great Egret,2
2009,Moonshine 2,Marsh Island,Great Blue Heron,4
2009,Moonshine 2,Marsh Island,Snowy Egret,18
2009,Moonshine 2,Marsh Island,Tricolored Heron,4
2009,Moonshine 2,Marsh Island,Anhinga,6
2009,Moonshine 3,Marsh Island,Great Egret,9
2009,Moonshine 3,Marsh Island,Snowy Egret,320
2009,Moonshine 3,Marsh Island,Tricolored Heron,40
2009,Moonshine 3,Marsh Island,Glossy Ibis,500
2009,Moonshine 3,Marsh Island,Anhinga,8
2009,Moonshine Bay,Marsh Island,Great Egret,25
2009,Moonshine Bay,Marsh Island,Great Blue Heron,4
2009,Moonshine Bay,Marsh Island,White Ibis,1300
2009,Moonshine Bay,Marsh Island,Snowy Egret,1200
2009,Moonshine Bay,Marsh Island,Tricolored Heron,700
2009,Moonshine Bay,Marsh Island,Glossy Ibis,1000
2009,Moore Haven,Marsh Island,Great Egret,53
2009,Moore Haven,Marsh Island,Great Blue Heron,8
2009,Moore Haven,Marsh Island,Great Egret,30
2009,Moore Haven,Marsh Island,Great Blue Heron,4
2009,Moore Haven NW,Marsh Island,Great Egret,50
2009,Moore Haven NW,Marsh Island,Great Blue Heron,8
2009,Rock Island 4,Spoil Island,Great Egret,12
2009,Rock Island 4,Spoil Island,Great Blue Heron,3
2009,Rock Island 4,Spoil Island,Snowy Egret,38
2009,Rock Island 4,Spoil Island,Tricolored Heron,2
2009,Rock Island 4,Spoil Island,Anhinga,5
2008,Eagle Bay Island,Marsh Island,Tricolored Heron,3
2008,Eagle Bay Island,Marsh Island,Little Blue Heron,5
2008,Eagle Bay Island,Marsh Island,Cattle Egret,3500
2008,Lakeport Marina,Off-Lake Island,Great Egret,1
2008,Lakeport Marina,Off-Lake Island,Cattle Egret,2000
2008,Gator Farm,Off-Lake Island,Great Egret,20
2008,Gator Farm,Off-Lake Island,Wood Stork,8
2008,Gator Farm,Off-Lake Island,Cattle Egret,500
